unitid,formid,"entities","pnature","xf1af01",f1af01,"xf1af02",f1af02,"xf1af03",f1af03,"xf1af04",f1af04,"xf1af05",f1af05,"xf1af06",f1af06,"xf1af07",f1af07,"xf1af08",f1af08,"xf1af09",f1af09,"xf1af10",f1af10,"xf1af11",f1af11,"xf1af12",f1af12,"xf1af12a",f1af12a,"xf1af13",f1af13,"xf1af14",f1af14,"xf1af15",f1af15,"xf1af16",f1af16,"xf1af17",f1af17,"xf1af18",f1af18
110422,1,"Foundation, Union, & ASI","Svcs & facilities as part of Univ educ prog; svcs to students;svcs to students","R",109342730,"R",92311854,"R",201654584,"R",40045806,"R",62085019,"R",75261577,"R",24262182,"R",161608778,"R",2889924,"R",86496713,"R",89386637,"R",84369519,"R",948618,"R",960198,"R",85329717,"R",4056920,"R",157551858,"R",0,"R",161608778
110486,1,"Foundation, Student Union, Assoc Students, Foundation for Research","Financial, cultural, educational, recreational, motivational","R",7416665,"R",15227903,"R",22644568,"R",3124953,"R",1413961,"R",3670907,"R",14434747,"R",19519615,"R",464753,"R",17978765,"R",18443518,"R",18021625,"R",101340,"R",0,"R",18021625,"R",421893,"R",19097722,"R",0,"R",19519615
110495,1,"ASI, Auxiliary and Business Services, Foundation, Student Union","Conducts student activ;dorm&food srvs,bookstore;fundraising;student facility","R",3046770,"R",24808966,"R",27855736,"R",11160319,"R",5219521,"R",7007220,"R",4468676,"R",16695417,"R",278354,"R",14221923,"R",14500277,"R",14245896,"R",1648195,"R",0,"R",14245896,"R",254381,"R",16441036,"R",0,"R",16695417
110501,1,"Foundation","Administers charitable trusts & gift annuities","R",8420937,"R",2767619,"R",11188556,"R",2307276,"R",3367861,"R",4767136,"R",746283,"R",8881280,"R",433087,"R",853922,"R",1287009,"R",556766,"R",0,"R",335365,"R",892131,"R",394878,"R",8486402,"R",0,"R",8881280
110510,1,"ASI, Foundation","Provide students social & recreational activ;assist educ, admin and related svs","R",9189811,"R",38443334,"R",47633145,"R",7154851,"R",30109251,"R",6294432,"R",4074611,"R",40478294,"R",3136331,"R",48645622,"R",51781953,"R",36825524,"R",1474035,"R",0,"R",36825524,"R",14956429,"R",25521865,"R",0,"R",40478294
110529,1,"Foundation, ASI, Educational Trust","Admin grants, conduct bookstore, food srvs, housing;serv st","R",24943200,"R",68131938,"R",93075138,"R",25043612,"R",22851249,"R",17731492,"R",27448785,"R",68031526,"R",2133365,"R",55483645,"R",57617010,"R",54987473,"R",2519991,"R",0,"R",54987473,"R",2629537,"R",65401989,"R",0,"R",68031526
110538,1,"Foundation, Associated Students","Admin philanthropic; bookstore, food services ect","R",6373986,"R",42139182,"R",48513168,"R",8468596,"R",10190035,"R",23076195,"R",6778342,"R",40044572,"R",932788,"R",29335643,"R",30268431,"R",26974050,"R",885380,"R",0,"R",26974050,"R",3294381,"R",36750191,"R",0,"R",40044572
110556,1,"Foundation,Athletic Corp,Children's Center,ASI,Assoc Inc,Ag","Manage bookstore,food srvs, housing;governance of campus,sup","R",70481412,"R",231230890,"R",301712302,"R",133709676,"R",101855319,"R",46441919,"R",19705388,"R",168002626,"R",5248067,"R",96660761,"R",101908828,"R",90630875,"R",1552663,"R",238765,"R",90869640,"R",11039188,"R",156963438,"R",0,"R",168002626
110565,1,"Foundation,ASI,Student Union,Housing Authority","Admin grants/contracts,conduct bookstore,food srvs;admin","R",7241044,"R",70296045,"R",77537089,"R",46205331,"R",7174159,"R",7493860,"R",16663739,"R",31331758,"R",845312,"R",53208880,"R",54054192,"R",50716647,"R",2860755,"R",37250,"R",50753897,"R",3300295,"R",28031463,"R",0,"R",31331758
110583,1,"Forty-Niner Shops, ASI","Operate food srvs, bookstore activ;admin student prog; opera","R",0,"R",22689291,"R",22689291,"R",9014038,"R",0,"R",0,"R",13675253,"R",13675253,"R",295988,"R",39637737,"R",39933725,"R",39648621,"R",4194894,"R",14162,"R",39662783,"R",270942,"R",13404311,"R",0,"R",13675253
110592,1,"Foundation,Auxiliary Services,Student Union, ASI","Promote sci, literary, educ,charitable purposes;educ prog","R",9370897,"R",53211968,"R",62582865,"R",46053514,"R",2771358,"R",9547787,"R",4210206,"R",16529351,"R",576913,"R",36982539,"R",37559452,"R",38458882,"R",4685195,"R",0,"R",38458882,"R",-899430,"R",17428781,"R",0,"R",16529351
110608,1,"ASI, Foundation, Park Development, Union, University Corporation","Admin student progs;fundraising;sponsor camp activ;operates bldg;bookstore..etc","R",19429236,"R",67924630,"R",87353866,"R",20500435,"R",14712490,"R",18518335,"R",33622606,"R",66853431,"R",1684147,"R",56814090,"R",58498237,"R",52088133,"R",4411050,"R",0,"R",52088133,"R",6410104,"R",60443327,"R",0,"R",66853431
110617,1,"ASI, Capital Public Radio, Student Union","Admin student progs;provide music,arts,broadcast;operat bldg","R",683835,"R",10114298,"R",10798133,"R",2225395,"R",188488,"R",943370,"R",7440880,"R",8572738,"R",117310,"R",17120486,"R",17237796,"R",16447311,"R",1139062,"R",0,"R",16447311,"R",790485,"R",7782253,"R",0,"R",8572738
111188,1,"Associated Students of the California Maritime Academy","Admin Student programs/activities","R",0,"R",158360,"R",158360,"R",12333,"R",0,"R",0,"R",146027,"R",146027,"R",1456,"R",148468,"R",149924,"R",140354,"R",0,"R",0,"R",140354,"R",9570,"R",136457,"R",0,"R",146027
115755,1,"ASI, Center Board of Directors,Foundation","Providestudent body srvs;promote & adv welfare of HSU, stude","R",12035180,"R",15097026,"R",27132206,"R",3784448,"R",2681005,"R",10435381,"R",10231372,"R",23347758,"R",507577,"R",25663180,"R",26170757,"R",26696174,"R",2134720,"R",46131,"R",26742305,"R",-571548,"R",23919306,"R",0,"R",23347758
122409,1,"ASI, Aztec Shops, Campanile Foundation, Foundation","Provide educ progs;support commercial srvs;augment progs;supplement progs","R",100024761,"R",211344989,"R",311369750,"R",159084144,"R",44344563,"R",45447032,"R",62494011,"R",152285606,"R",1478487,"R",250412393,"R",251890880,"R",247271881,"R",5456867,"R",26564,"R",247298445,"R",4592435,"R",147693171,"R",0,"R",152285606
122597,1,"ASI, Foundation, Francisco Shops, Student Union","Oper student progs; admin educ proj, research; bookstore; sr","R",6312427,"R",145604194,"R",151916621,"R",110360270,"R",15784471,"R",8140224,"R",17631656,"R",41556351,"R",1188002,"R",49527003,"R",50715005,"R",48495628,"R",2984239,"R",86319,"R",48581947,"R",2133058,"R",39423293,"R",0,"R",41556351
122755,1,"Spartan Shops","Manage bookstore, dining services and stadium facilities","R",0,"R",14658564,"R",14658564,"R",7455584,"R",1310000,"R",0,"R",5892980,"R",7202980,"R",0,"R",25798203,"R",25798203,"R",26381163,"R",0,"R",982,"R",26382145,"R",-583942,"R",7786922,"R",0,"R",7202980
132903,1,"Research Foundation of the UCF","Research","Z",0,"R",654819,"R",654819,"R",480353,"Z",0,"Z",0,"R",174466,"R",174466,"R",3298,"R",30049,"R",33347,"R",4509,"Z",0,"R",0,"R",4509,"R",28838,"Z",0,"R",145628,"R",174466
133508,1,"Edison COmmunity College Foundation","Provides funding and svcs to support higher ed at Edison.","R",14883162,"R",4737148,"R",19620310,"R",0,"R",0,"R",13287865,"R",6332445,"R",19620310,"R",1335347,"R",393985,"R",1729332,"R",1701836,"R",1689836,"R",0,"R",1701836,"R",27496,"R",18657399,"R",935415,"R",19620310
133951,1,"FIU FOUNDATION , INC","FOUNDATION","R",59496713,"R",41579765,"R",101076478,"R",13064165,"R",8307399,"R",64848819,"R",14856095,"R",88012313,"R",2358300,"R",13232483,"R",15590783,"R",8275082,"R",0,"R",0,"R",8275082,"R",7315701,"R",80696612,"R",0,"R",88012313
135160,1,"LCCC Found","Fund Raising","R",0,"R",4106746,"R",4106746,"R",99233,"R",0,"R",0,"R",4007513,"R",4007513,"R",176559,"R",561561,"R",738120,"R",603096,"R",0,"R",-176559,"R",426537,"R",311583,"R",3695930,"R",0,"R",4007513
135188,1,"LSCC Foundation, Inc.","Direct Support Organization","R",2232807,"R",2102011,"R",4334818,"R",90974,"R",1519447,"R",2192150,"R",532247,"R",4243844,"R",99632,"R",1112616,"R",1212248,"R",1325989,"R",115210,"R",0,"R",1325989,"R",-113741,"R",4357585,"R",0,"R",4243844
135391,1,"1","Foundation","R",10240453,"R",3478415,"R",13718868,"R",626445,"R",8932411,"R",4160012,"R",0,"R",13092423,"R",518945,"R",2003667,"R",2522612,"R",1465652,"R",847310,"R",0,"R",1465652,"R",1056960,"R",12035463,"R",0,"R",13092423
135717,1,"M-DCC Foundation, Inc.","Fund Raising/Investment","R",0,"R",62102339,"R",62102339,"R",4789001,"R",21541547,"R",33508330,"R",2263461,"R",57313338,"R",284612,"R",4655038,"R",4939650,"R",5121866,"R",2396433,"R",0,"R",5121866,"R",-182216,"R",57495554,"R",0,"R",57313338
136358,1,"Palm Beach Community College Foundation, INC.","Support of College","R",8866559,"R",9276507,"R",18143066,"R",10022471,"Z",0,"R",11839504,"R",-3718909,"R",8120595,"R",378383,"R",2260874,"R",2639257,"R",3268823,"R",2957684,"R",0,"R",3268823,"R",-629566,"R",8657298,"R",92863,"R",8120595
138187,1,"Valencia Community College Foundation","Foundation","R",24817473,"R",6960057,"R",31777530,"R",654710,"R",5416211,"R",21578820,"R",4127789,"R",31122820,"R",2740742,"R",2342231,"R",5082973,"R",1785807,"R",997230,"R",0,"R",1785807,"R",3297166,"R",27825654,"R",0,"R",31122820
138354,1,"1.UWF FOUNDATION 2.RESEARCH FDN 3.WF HISTORIC PRESERVATION","1.FUNDRAISING/INVESTMENT 2.RESEARCH 3.RESTORATION&EXHIBITI","R",43812584,"R",50524546,"R",94337130,"R",38983330,"R",14238330,"R",36768034,"R",4347436,"R",55353800,"R",-216646,"R",8986147,"R",8769501,"R",10688098,"R",0,"R",214646,"R",10902744,"R",-2133243,"R",57487043,"R",0,"R",55353800
141307,1,"Waycross College Foundation Inc.","Fund Raising in spport of the College and its programs","R",879138,"R",266567,"R",1145705,"R",3775,"R",164410,"R",945339,"R",32181,"R",1141930,"R",70295,"R",61556,"R",131851,"R",90796,"R",4523,"R",51825,"R",142621,"R",-10770,"R",1152700,"R",0,"R",1141930
144564,1,"Danville Area Community College Foundation","Foundation to Support College","R",3032465,"R",1103251,"R",4135716,"R",0,"R",2086484,"R",1945426,"R",103806,"R",4135716,"R",213283,"R",244358,"R",457641,"R",370156,"R",114596,"R",0,"R",370156,"R",87485,"R",4048231,"R",0,"R",4135716
147800,1,"Educational Foundation","Fund raising investments","R",0,"R",5730951,"R",5730951,"R",205477,"R",708345,"R",1277485,"R",3539644,"R",5525474,"R",114414,"R",620079,"R",734493,"R",352986,"R",160874,"R",0,"R",352986,"R",381507,"R",5143967,"R",0,"R",5525474
148380,1,"Rock Valley College Foundation","Fund Raising","R",5064962,"R",749716,"R",5814678,"R",110570,"R",4221821,"R",812771,"R",669516,"R",5704108,"R",307055,"R",1177620,"R",1484675,"R",526070,"R",143361,"R",0,"R",526070,"R",958605,"R",4745503,"R",0,"R",5704108
154998,1,"DCCC Endowment","Fundraising, scholarships, investments","R",866869,"R",159081,"R",1025950,"R",33880,"R",21621,"R",868771,"R",101678,"R",992070,"R",44496,"R",24754,"R",69250,"R",79380,"R",79380,"R",72822,"R",152202,"R",-82952,"R",1075022,"R",0,"R",992070
157289,1,"University of Louisville Foundation, Inc. and Affiliate","To receive funds derived from gifts and other sources","R",524451000,"R",103171000,"R",627622000,"R",87566000,"R",27913000,"R",260693000,"R",251450000,"R",540056000,"R",-6383000,"R",52464000,"R",46081000,"R",42057000,"R",31762000,"R",0,"R",42057000,"R",4024000,"R",536032000,"R",0,"R",540056000
158431,1,"Campus Facilities, Inc.","Construction","R",39978761,"R",4859621,"R",44838382,"R",44724224,"Z",0,"Z",0,"R",114158,"R",114158,"Z",0,"R",141633,"R",141633,"R",27475,"Z",0,"R",0,"R",27475,"R",114158,"R",0,"R",0,"R",114158
164775,1,"BCC Foundation","Fundraising","R",2478119,"R",1086453,"R",3564572,"R",850621,"R",143539,"R",2196441,"R",373971,"R",2713951,"R",178147,"R",80081,"R",258228,"R",136874,"R",75007,"R",91809,"R",228683,"R",29545,"R",2684406,"R",0,"R",2713951
169521,1,"Delta College Foundation","Fundraising on behalf of Delta College","R",0,"R",3312867,"R",3312867,"R",2406276,"R",671772,"R",0,"R",234819,"R",906591,"R",52542,"R",1435304,"R",1487846,"R",1281421,"R",1262652,"R",0,"R",1281421,"R",206425,"R",700166,"R",0,"R",906591
175935,1,"Meridian Community College Foundation","Leadership in attracting private investment to MCC","R",5212210,"R",1070608,"R",6282818,"R",242135,"R",825712,"R",4968057,"R",246914,"R",6040683,"R",286279,"R",571840,"R",858119,"R",442098,"R",307394,"R",31780,"R",473878,"R",384241,"R",5656442,"R",0,"R",6040683
177977,1,"The Foundation for Linn State Technical College","Educational purpose to promote and support Linn State Techni","R",89932,"R",353844,"R",443776,"R",1950,"R",182405,"R",43580,"R",215841,"R",441826,"Z",0,"R",637937,"R",637937,"R",548022,"R",472563,"R",-2447,"R",545575,"R",92362,"R",349464,"R",0,"R",441826
187532,1,"Albuquerque TVI Foundation","Fund raising","R",2538865,"R",472344,"R",3011209,"R",39061,"R",713182,"R",2139544,"R",119422,"R",2972148,"R",17769,"R",1036367,"R",1054136,"R",943469,"R",634834,"R",0,"R",943469,"R",110667,"R",2861481,"R",0,"R",2972148
187648,1,"Friends of Eastern Foundation","Fund Raising","R",3111728,"R",270144,"R",3381872,"R",1618,"R",147027,"R",2981631,"R",251596,"R",3380254,"R",497946,"R",652724,"R",1150670,"R",938275,"R",875363,"R",0,"R",938275,"R",212395,"R",3167859,"R",0,"R",3380254
188100,1,"1","Foundation","R",10512091,"R",3692547,"R",14204638,"R",389804,"R",16998087,"R",0,"R",-3183253,"R",13814834,"R",221007,"R",1473639,"R",1694646,"R",1704262,"R",0,"R",0,"R",1704262,"R",-9616,"R",13824450,"R",0,"R",13814834
188137,1,"Foundation for the Santa Fe Community College","Support Santa Fe Community College","R",2658763,"R",2153055,"R",4811818,"R",619006,"R",1109973,"R",2575927,"R",506912,"R",4192812,"R",172596,"R",688052,"R",860648,"R",903202,"R",13944,"R",0,"R",903202,"R",-42554,"R",4235366,"R",0,"R",4192812
190053,1,"Clinton College Foundation Inc.","Fundraising","Z",0,"R",982323,"R",982323,"R",0,"R",44549,"R",235998,"R",701776,"R",982323,"Z",0,"R",179474,"R",179474,"R",99746,"R",3737,"R",121786,"R",221532,"R",-42058,"R",1024381,"R",0,"R",982323
190840,1,"1","","R",0,"R",2703798,"R",2703798,"R",186505,"R",81489,"Z",0,"R",2435804,"R",2517293,"Z",0,"R",3859393,"R",3859393,"R",4407691,"R",0,"R",-1096596,"R",3311095,"R",548298,"R",3065591,"R",-1096596,"R",2517293
191126,1,"FIT STAFF HOUSING CORP","DORMITORY","R",4563185,"R",32613,"R",4595798,"R",4222249,"Z",0,"Z",0,"R",373549,"R",373549,"R",6805,"R",2852168,"R",2858973,"R",3295338,"R",67992,"R",0,"R",3295338,"R",-436365,"R",809914,"R",0,"R",373549
191126,2,"FIT STUDENT HOUSING CORP","DORMITORY","R",17649368,"R",231498,"R",17880866,"R",9060081,"R",3427090,"Z",0,"R",5393695,"R",8820785,"R",25592,"R",5095792,"R",5121384,"R",4918347,"R",156066,"R",0,"R",4918347,"R",203037,"R",8617748,"R",0,"R",8820785
191126,3,"FIT STUDENT FACULTY CORP","STUDENT/EMPLOYEE SERVICES","R",0,"R",739889,"R",739889,"R",139657,"Z",0,"Z",0,"R",600232,"R",600232,"R",7990,"R",780865,"R",788855,"R",1020912,"R",0,"R",0,"R",1020912,"R",-232057,"R",832289,"R",0,"R",600232
191126,4,"EDUCATIONAL FOUNDATION FOR THE FASHION INDUSTRIES","FUNDRAISING UNIT","R",16188500,"R",22551841,"R",22551841,"R",1628312,"R",1690610,"R",15351097,"R",3881822,"R",20923529,"R",668428,"R",2369045,"R",3037473,"R",2421511,"R",1056529,"R",0,"R",2421511,"R",615962,"R",20307537,"R",30,"R",20923529
191199,1,"FLCC Association","Auxilliary Services","R",0,"R",2870716,"R",2870716,"R",103904,"R",0,"R",0,"R",2766812,"R",2766812,"R",38872,"R",2909170,"R",2948042,"R",2642638,"R",0,"R",0,"R",2642638,"R",305404,"R",2461408,"R",0,"R",2766812
191199,2,"FLCC Student Corporation","Student Activities","R",0,"R",474621,"R",474621,"R",3287,"R",0,"R",0,"R",471334,"R",471334,"R",8821,"R",224758,"R",233579,"R",182111,"R",0,"R",0,"R",182111,"R",51468,"R",419866,"R",0,"R",471334
191302,1,"Foundation of Fulton-Montgomery Community College, Inc.","Fundraising","R",1486060,"R",260159,"R",1746219,"R",904303,"R",0,"R",731464,"R",110452,"R",841916,"R",23464,"R",170509,"R",193973,"R",153775,"R",79367,"R",0,"R",153775,"R",40198,"R",801718,"R",0,"R",841916
191302,2,"Fulmont College Association, Inc.","Auxiliary Services","R",0,"R",507734,"R",507734,"R",47577,"R",79938,"R",0,"R",380219,"R",460157,"R",1245,"R",453433,"R",454678,"R",414252,"R",0,"R",0,"R",414252,"R",40426,"R",419731,"R",0,"R",460157
195988,1,"SCCC Foundation","Scholarships and Grants","R",757008,"R",810321,"R",1567329,"R",539815,"R",323853,"R",244000,"R",459661,"R",1027514,"R",77634,"R",711579,"R",789213,"R",1094409,"R",192596,"R",10000,"R",1104409,"R",-315196,"R",1342710,"R",0,"R",1027514
195988,2,"FSA of SCCC","General Activities","R",170415,"R",40471,"R",210886,"R",34473,"R",176413,"Z",0,"R",0,"R",176413,"R",2265,"R",241966,"R",244231,"R",227996,"Z",0,"R",0,"R",227996,"R",16235,"R",160178,"R",0,"R",176413
195988,3,"SCCC Dormitory Corp.","Housing","R",13268012,"R",984875,"R",14252887,"R",10955574,"R",490793,"Z",0,"R",2806520,"R",3297313,"Z",0,"R",1491849,"R",1491849,"R",382935,"Z",0,"R",0,"R",382935,"R",1108914,"R",2188399,"R",0,"R",3297313
201885,1,"","","R",21018424,"R",43783342,"R",64801766,"R",10875716,"R",25457885,"R",25210668,"R",3257497,"R",53926050,"R",2529031,"R",5742817,"R",8271848,"R",6086062,"R",3818453,"R",-709258,"R",5376804,"R",2895044,"R",51031006,"R",0,"R",53926050
207290,1,"NEO A&M COLLEGE DEVELOPMENT FOUNDATION, INC.","FUNDRAISING FOR SCHOLARSHIPS","R",498352,"R",199000,"R",697352,"R",91375,"R",114849,"R",311236,"R",179892,"R",605977,"R",12662,"R",185110,"R",197772,"R",151334,"R",30822,"R",0,"R",151334,"R",46438,"R",559539,"R",0,"R",605977
207740,1,"","","R",0,"R",4084262,"R",4084262,"R",3916146,"R",3128954,"R",0,"R",-2960838,"R",168116,"R",5497,"R",490284,"R",495781,"R",501962,"R",342145,"R",-12362,"R",489600,"R",6181,"R",174297,"R",-12362,"R",168116
208318,1,"COCC Foundation","Fund Raising","R",2662699,"R",2437999,"R",5100698,"R",520270,"R",1341315,"R",2662699,"R",576414,"R",4580428,"R",274876,"R",411044,"R",685920,"R",573788,"R",299166,"R",0,"R",573788,"R",112132,"R",4468296,"R",0,"R",4580428
208415,1,"Foundation","Fundraising","R",1829810,"R",7518,"R",1837328,"R",21851,"R",1177251,"R",570050,"R",68176,"R",1815477,"R",59741,"R",138752,"R",198493,"R",315638,"R",0,"R",-124853,"R",190785,"R",7708,"R",1807769,"R",0,"R",1815477
208415,2,"MERT","Facilities Funding","R",6790733,"R",271,"R",6791004,"R",21,"R",6790733,"Z",0,"R",250,"R",6790983,"R",0,"R",2296700,"R",2296700,"R",311615,"R",0,"R",-250,"R",311365,"R",1985335,"R",4805648,"R",0,"R",6790983
211343,1,"BCCC Education Foundation","Foundation","R",6182616,"R",1041558,"R",7224174,"R",3611252,"R",2062394,"R",1229459,"R",321069,"R",3612922,"R",318193,"R",395694,"R",713887,"R",1168484,"R",679204,"R",0,"R",1168484,"R",-454597,"R",4067519,"R",0,"R",3612922
212878,1,"1","Receipt and distribution of gifts and grants to/for HACC","R",21199973,"R",1920370,"R",23120343,"R",61449,"R",5733562,"R",9816222,"R",7509110,"R",23058894,"R",452441,"R",1538705,"R",1991146,"R",1513936,"R",0,"R",339489,"R",1853425,"R",137721,"R",22921173,"R",0,"R",23058894
214379,1,"1","Foundation","R",13992692,"R",6183253,"R",20175945,"R",4942198,"R",8317413,"R",3714015,"R",3202319,"R",15233747,"R",824167,"R",2911820,"R",3735987,"R",2379862,"R",1317950,"R",0,"R",2379862,"R",1356125,"R",13877622,"R",0,"R",15233747
218335,1,"Pharmaceutical Education and Development Foundation","Educational Foundation","Z",0,"R",327167,"R",327167,"R",7816737,"Z",0,"Z",0,"R",-7489570,"R",-7489570,"R",5422,"R",100000,"R",105422,"R",267170,"Z",0,"R",0,"R",267170,"R",-161748,"R",-7327822,"R",0,"R",-7489570
223816,1,"Central Texas College Foundation","Scholarships","R",1773848,"R",217944,"R",1991792,"R",76241,"Z",0,"R",1908971,"R",6580,"R",1915551,"Z",0,"R",401866,"R",401866,"R",226900,"Z",0,"R",-216312,"R",10588,"R",391278,"R",1524273,"R",0,"R",1915551
224350,1,"Del Mar College Foundation","Fundraising","R",2217381,"R",2347172,"R",4564553,"R",413947,"R",1894391,"R",2217381,"R",38834,"R",4150606,"R",182215,"R",572065,"R",754280,"R",571556,"R",479183,"R",0,"R",571556,"R",182724,"R",3967882,"R",0,"R",4150606
226408,1,"College of the Mainland","Provide scholarships to students","R",0,"R",1106192,"R",1106192,"R",24100,"R",320886,"R",568410,"R",192796,"R",1082092,"R",13789,"R",497918,"R",511707,"R",303923,"R",19570,"R",0,"R",303923,"R",207784,"R",825051,"R",49257,"R",1082092
228316,1,"Southwest Texas Junior College Foundation, Inc.","Central Property to SWTJC","R",0,"R",7269222,"R",7269222,"R",4850004,"R",0,"R",0,"R",2419218,"R",2419218,"R",1349,"R",578302,"R",579651,"R",284804,"R",0,"R",10000,"R",294804,"R",284847,"R",2129371,"R",5000,"R",2419218
229355,1,"The Tyler Junior College Foundation","Foundation","R",12002475,"R",1921874,"R",13924349,"R",572992,"R",80209,"R",9582689,"R",3688459,"R",13351357,"R",1222145,"R",2325831,"R",3547976,"R",1268326,"R",213184,"R",0,"R",1268326,"R",2279650,"R",11071707,"R",0,"R",13351357
232423,1,"1","Fundraising","R",32688924,"R",8856519,"R",41545443,"R",2547513,"R",16549208,"R",18495822,"R",3952900,"R",38997930,"R",447942,"R",7079679,"R",7527621,"R",3381518,"Z",0,"R",0,"R",3381518,"R",4146103,"R",34851827,"R",0,"R",38997930
366711,1,"Foundation, University Corporation, ASI","Develop & admin research & educ grants/contracts; manage hou","R",8818515,"R",42304259,"R",51122774,"R",31558735,"R",1422235,"R",10134534,"R",8007270,"R",19564039,"R",410668,"R",14761124,"R",15171792,"R",12839605,"R",1774219,"R",0,"R",12839605,"R",2332187,"R",17231852,"R",0,"R",19564039
373711,1,"1","","Z",0,"R",2975871,"R",2975871,"R",623077,"R",1145533,"R",1207261,"R",0,"R",2352794,"Z",0,"R",6386692,"R",6386692,"R",6799903,"Z",0,"R",0,"R",6799903,"R",-413211,"R",3944291,"R",-1178286,"R",2352794
441937,1,"Foundation, University Glen Corp","Promote education & admin services;conduct certain site authority op","R",8176588,"R",293047,"R",8469635,"R",740396,"R",871928,"R",6626583,"R",230728,"R",7729239,"R",320950,"R",3734310,"R",4055260,"R",2370912,"R",715072,"R",3377,"R",2374289,"R",1680971,"R",6048268,"R",0,"R",7729239
