unitid,part,subentcd,"subentnm",subentrv,subentex
110361,C,1,"CA BAPTIST COLL DEV FOUNDATION",1,1
110398,C,1,"OFF CAMPUS COLLEGE WORK STUDY",1,1
122320,C,1,"continuing education centers",1,1
141574,C,1,"RESCH CORP OF THE UNIV OF HI",1,1
141574,C,2,"UNIV OF HAWAII FOUNDATION",1,1
155399,C,1,"KSU COLLEGE OF TECHNOLOGY AT",1,1
158662,C,2,"LOAN FUNDS",1,1
173416,C,1,"REPAIR AND REPLACEMENT",1,1
173416,C,2,"EQUIPMENT",1,1
176169,C,1,"JTPA",1,1
180470,C,1,"UNIVERSITY SYSTEM GROUP INSURA",1,1
190725,C,1,"NIAGARA FRONTIER CONSORTIUM",1,1
225627,C,1,"HIGH SCHOOL OPERATION",1,1
240444,C,1,"EXTENSION PROGRAMS",1,1
158662,C,1,"ENDOWMENT FUNDS",1,-1
237899,C,1,"INDEPENDENT OPERATION-METRO AA",1,-1
155566,C,1,"AGENCY FUNDS",-1,-1
180416,C,1,"BUREAU OF MINES & GEOLOGY",-1,-1
180416,C,2,"GROUNDWATER ASSESSMENT",-1,-1
218399,C,1,"SCHOOL OF RELIGION",-1,-1
223816,C,1,"EUROPE CAMPUS",-1,-1
223816,C,2,"PACIFIC FAR EAST",-1,-1
