unitid,subentno,"subentnm",subentrv,subentex
101693,1,"LATIN AMERICAN BRANCH CAMPUS",1,1
106458,1,"SELF-INSURANCE PROGRAM",1,1
106795,1,"Foundation Committee (Construc",1,
106795,2,"Expenses paid out for new Libr",,1
106795,3,"Interest income on donations",1,
106795,4,"Library automation and Criti a",1,
106795,5,"Critical Maintenance expenditu",,1
110361,1,"CALIFORNIA BAPTIST COLLEGE DEV",,
110398,1,"off campus college work study",1,1
111461,1,"Cafeteria Fund",1,1
111461,2,"Building Fund",1,1
122320,1,"Continuing Education Centers",1,1
141574,1,"Research Corp. of the Universi",1,1
141574,2,"University of Hawaii Foundatio",1,1
143279,2,"2",,
143279,3,"1     1361853",,
143279,4,"711",,
143613,2,"2",,
143613,3,"1      14 2827      1",,
143613,4,"982      299845",,
144740,2,"2",,
144740,3,"1     7  316      13",,
144740,4,"983",,
144838,2,"2",,
144838,3,"1      38678       2",,
144838,4,"463",,
144883,2,"2",,
144883,3,"1       33963",,
144883,4,"923",,
146339,2,"2",,
146339,3,"1      1321 6",1,
146339,4,"1 3        135",,
146719,2,"2",,
146719,3,"1        5 646",,
146755,2,"2",,
146755,3,"1        5 646",,
147004,2,"2",,
147004,3,"1      41746       3",,
147004,4,"473",,
147767,2,"2",,
147767,3,"1   1458 9       16",,
147767,4,"111 9",,
148849,2,"2",,
148849,3,"1       44118",,
148849,4,"3 3",,
149028,2,"2",,
149028,3,"1      1 85484",,
149028,4,"3 3",,
149310,2,"2",,
149310,3,"1",,
155399,1,"KSU-College of Technology at S",1,1
155566,1,"Agency Funds",1,1
158662,1,"endowment funds",1,1
158662,2,"loan funds",1,1
164368,1,"Training & custom Programs",,1
168740,1,"Andrews Broadcasting Corp.",1,1
168740,2,"University Retirement Centers",1,1
178891,1,"not-for-profit controlled org",,1
180197,1,"Plant Funds",1,1
180197,2,"Agency Funds",1,1
180197,3,"Loan Funds",1,1
180470,1,"University System Group Insura",1,1
189282,3,".",,
190725,1,"NIAGARA FRONTIER CONSORTIUM",1,1
203580,1,"LOAN FUNDS",,
203580,2,"ENDOWMENT FUNDS",,
203580,3,"ANNUITY FUNDS",,
203580,4,"PLANT FUNDS",,
210906,1,"Computer Training Classes",,1
212054,1,"ACADEMIC PROPERTIES INC A WHOL",1,1
214971,1,"PROVISION FOR LOSS OF INVESTED",,1
214971,2,"IMPAIRMENT OF LONG LIVED ASSET",,1
215390,1,"ALUMNI CONTRIBUTIONS",1,1
216010,1,"STUDENT ASSOCIATION",1,1
216366,1,"RESTRUCTURING AND NONRECURRING",,1
223001,1,"Church & Higher Education Prog",1,1
223816,1,"Europe Campus",,
223816,2,"Pacific Far East Campus",,
227863,1,"VARIOUS, MISCELLANEOUS EXPENSE",1,1
237154,1,"ENDOWMENT CORPORATION, FEEDER",1,1
237899,1,"Independent Operation-Metro AA",1,1
240444,1,"Extension programs",1,1
