unitid,formid,"entities","pnature","xf1af01",f1af01,"xf1af02",f1af02,"xf1af03",f1af03,"xf1af04",f1af04,"xf1af05",f1af05,"xf1af06",f1af06,"xf1af07",f1af07,"xf1af08",f1af08,"xf1af09",f1af09,"xf1af10",f1af10,"xf1af11",f1af11,"xf1af12",f1af12,"xf1af12a",f1af12a,"xf1af13",f1af13,"xf1af14",f1af14,"xf1af15",f1af15,"xf1af16",f1af16,"xf1af17",f1af17,"xf1af18",f1af18
110422,1,"Foundation, Union, & ASI","Services & facilities as part of Univ educ prog; services to","R",104161284,"R",87217147,"R",191378431,"R",33826572,"R",55761053,"R",73692671,"R",28098135,"R",157551859,"R",-4465345,"R",87705225,"R",83239880,"R",78145411,"R",0,"R",0,"R",78145411,"R",5094469,"R",152457390,"R",0,"R",157551859
110486,1,"Foundation, Student Union, Assoc Students","Financial, cultural, educational, recreational, motivational","R",7120932,"R",15500165,"R",22621097,"R",3266707,"R",1239209,"R",3808551,"R",14306630,"R",19354390,"R",-320678,"R",16894007,"R",16573329,"R",16264982,"R",16451,"R",0,"R",16264982,"R",308347,"R",19046043,"R",0,"R",19354390
110495,1,"ASI, Auxiliary and Business Services, Foundation, Student Un","Conducts student activ; dorm & food srvs, bookstore; fund ra","R",2883161,"R",25524881,"R",28408042,"R",11967006,"R",9539066,"R",2410918,"R",4491052,"R",16441036,"R",2786,"R",12766605,"R",12769391,"R",12822416,"R",0,"R",0,"R",12822416,"R",-53025,"R",16494061,"R",0,"R",16441036
110501,1,"Foundation","Administers charitable trusts, & gift annuities.","R",4326879,"R",5691206,"R",10018085,"R",1531683,"R",2846978,"R",4664346,"R",975078,"R",8486402,"R",-110416,"R",3781640,"R",3671224,"R",647527,"R",0,"R",0,"R",647527,"R",3023697,"R",5462705,"R",0,"R",8486402
110510,1,"ASI, Foundation","Provide students social & recreational activ; assist educ &","R",7109374,"R",24736270,"R",31845644,"R",6323779,"R",13740723,"R",4109638,"R",7671504,"R",25521865,"R",163951,"R",22213249,"R",22377200,"R",30399066,"R",0,"R",0,"R",30399066,"R",-8021866,"R",33543731,"R",0,"R",25521865
110529,1,"Foundation, ASI, Educational Trust","Admin grants, conduct bookstore, food srvs, housing; serv st","R",27576638,"R",62183815,"R",89760453,"R",24358464,"R",22274883,"R",16692174,"R",26434932,"R",65401989,"R",1663040,"R",54777656,"R",56440696,"R",62521160,"R",4277915,"R",0,"R",62521160,"R",-6080464,"R",71482453,"R",0,"R",65401989
110538,1,"Foundation, ASI","Admin philanthropic activ; operates bookstore, food srvs, re","R",20867429,"R",23814096,"R",44681525,"R",7931334,"R",8786156,"R",21065960,"R",6898075,"R",36750191,"R",-984428,"R",27557446,"R",26573018,"R",26148866,"R",551534,"R",0,"R",26148866,"R",424152,"R",36326039,"R",0,"R",36750191
110556,1,"Foundation, Assoc Inc, ASI, Children's Center, Athletic Corp","Manages bookstore, food srvs, housing; governance of campus;","R",64352638,"R",239994758,"R",304347396,"R",147383958,"R",95560391,"R",43564344,"R",17838703,"R",156963438,"R",3375552,"R",201929698,"R",205305250,"R",138353891,"R",1046092,"R",0,"R",138353891,"R",66951359,"R",90012079,"R",0,"R",156963438
110565,1,"Foundation, ASI, Student Union","Admin grants/contracts, conduct bookstore, food srvs; admin","R",6903099,"R",63761832,"R",70664931,"R",44533468,"R",5765997,"R",6606854,"R",13758612,"R",26131463,"R",-250451,"R",51659194,"R",51408743,"R",49411796,"R",0,"R",0,"R",49411796,"R",1996947,"R",24134516,"R",0,"R",26131463
110583,1,"Forty-Niner Shops, ASI","Operate food srvs, bookstore activ; admin student prog; oper","R",0,"R",23500428,"R",23500428,"R",10096117,"R",0,"R",0,"R",13404311,"R",13404311,"R",395734,"R",38822251,"R",39217985,"R",38332822,"R",245945,"R",0,"R",38332822,"R",885163,"R",12519148,"R",0,"R",13404311
110592,1,"Foundation, Auxiliary Services, Student Union, ASI","Promote sci, literary, educ, charitable purposes; educ prog;","R",9167310,"R",50183976,"R",59351286,"R",41922505,"R",4757570,"R",8913456,"R",3757755,"R",17428781,"R",-601471,"R",33180645,"R",32579174,"R",39276644,"R",6250136,"R",0,"R",39276644,"R",-6697470,"R",24126251,"R",0,"R",17428781
110608,1,"ASI, Foundation, Park Development, Union, Northridge Univers","Admin student progs; fund raising; sponsor camp activ; oper","R",14739034,"R",65695976,"R",80435010,"R",19991683,"R",15021772,"R",10776385,"R",34645170,"R",60443327,"R",-3497192,"R",53950749,"R",50453557,"R",48653102,"R",4009423,"R",0,"R",48653102,"R",1800455,"R",58642872,"R",0,"R",60443327
110617,1,"ASI, Capital Public Radio, Student Union","Admin student progs/activ; provide music, arts, broadcasts;","R",784790,"R",8835619,"R",9620409,"R",1838156,"R",84197,"R",883368,"R",6814688,"R",7782253,"R",-52936,"R",15468810,"R",15415874,"R",14987608,"R",2889229,"R",0,"R",14987608,"R",428266,"R",7353987,"R",0,"R",7782253
115755,1,"ASI, Center Board of Directors, Foundation","Provide student body srvs; promote & adv welfare of HSU, stu","R",11819320,"R",17448312,"R",29267632,"R",5348326,"R",3019207,"R",10390476,"R",10509623,"R",23919306,"R",341546,"R",25313503,"R",25655049,"R",25353113,"R",257335,"R",0,"R",25353113,"R",301936,"R",23617370,"R",0,"R",23919306
122409,1,"ASI, Aztec Shops, Campanile Foundation, Foundation","Provide educ progs; support commercial srvs; augment progs","R",92776126,"R",210046059,"R",302822185,"R",155129014,"R",41830595,"R",41302616,"R",64559960,"R",147693171,"R",-760456,"R",245926772,"R",245166316,"R",241604784,"R",0,"R",0,"R",241604784,"R",3561532,"R",144131639,"R",0,"R",147693171
122597,1,"ASI, Foundation, Franciscan Shops, Student Union","Oper student progs; admin educ proj, research; bookstore; sr","R",6312427,"R",142991974,"R",149304401,"R",109881108,"R",16315929,"R",5284778,"R",17822586,"R",39423293,"R",2278,"R",43475561,"R",43477839,"R",43952423,"R",2459774,"R",0,"R",43952423,"R",-474584,"R",39897877,"R",0,"R",39423293
122755,1,"Foundation, Spartan Shops","Supplement prog & activ, & promote educ srvs; manage booksto","R",47390031,"R",30241451,"R",77631482,"R",27198677,"R",3063384,"R",23580340,"R",23789081,"R",50432805,"R",977011,"R",81674329,"R",82651340,"R",87590991,"R",308452,"R",0,"R",87590991,"R",-4939651,"R",55372456,"R",0,"R",50432805
133508,1,"Edison Community College Foundation","Financial Support for Goals and Mission of ECC","R",15009898,"R",4679585,"R",19689483,"R",1032084,"B",,"R",15128898,"R",3528501,"R",18657399,"R",-1148798,"R",2948896,"R",1800098,"R",1589083,"R",60000,"R",1148798,"R",2737881,"R",-937783,"R",19595182,"R",0,"R",18657399
133951,1,"FIU FOUNDATION, INC.","FOUNDATION","R",66479110,"R",33262149,"R",99741259,"R",15356245,"R",10813097,"R",56901033,"R",16670884,"R",84385014,"R",1570635,"R",20235158,"R",21805793,"R",16026565,"R",0,"R",2783602,"R",18810167,"R",2995626,"R",81389388,"R",0,"R",84385014
135717,1,"M-DCC, Foundation, Inc.","Fund Raising/Investment","R",0,"R",66840956,"R",66840956,"R",3872298,"R",30951576,"R",29961117,"R",2055965,"R",62968658,"R",1688285,"R",10317008,"R",12005293,"R",6324580,"R",4206365,"R",0,"R",6324580,"R",5680713,"R",57287945,"R",0,"R",62968658
136358,1,"Palm Beach Community College Foundation, INC.","Support of Primary Institution","R",10719684,"R",7384647,"R",18104331,"R",9447033,"R",2064014,"R",9781388,"R",-3188104,"R",8657298,"R",-571375,"R",4245270,"R",3673895,"R",4455452,"R",1541172,"R",0,"R",4455452,"R",-781557,"R",9463393,"R",-24538,"R",8657298
136473,1,"PJC Foundation","Educational Support","R",4839878,"R",2584647,"R",7424525,"R",164055,"R",2151859,"R",3806721,"R",1301890,"R",7260470,"R",-424360,"R",1482662,"R",1058302,"R",2020818,"R",1722449,"R",-1000,"R",2019818,"R",-961516,"R",8222986,"R",-1000,"R",7260470
136473,2,"WSRE Foundation","Educational Support","B",,"R",1222175,"R",1222175,"R",17205,"R",468734,"B",,"R",736236,"R",1204970,"B",,"R",1084637,"R",1084637,"R",800266,"B",,"R",-6823,"R",793443,"R",291194,"R",913776,"R",0,"R",1204970
138187,1,"Valencia Community College Foundation","Foundation","R",16287957,"R",11769099,"R",28057056,"R",231402,"R",5178158,"R",18621034,"R",4026462,"R",27825654,"R",601234,"R",3278676,"R",3879910,"R",4677600,"R",0,"R",0,"R",4677600,"R",-797690,"R",28623344,"R",0,"R",27825654
138354,1,"1.UWF FOUNDATION 2.RESEARCH FOUNDATION OF UWF 3. WF HISTORIC","1. FUNDRAISING/INVESTMENT 2.RESEARCH 3.HISTORIC RESTORATION","R",52599891,"R",37190025,"R",89789916,"R",29507418,"R",18608060,"R",35201664,"R",6472774,"R",60282498,"R",-3886014,"R",12407554,"R",8521540,"R",10119052,"R",0,"R",3886014,"R",14005066,"R",-5483526,"R",64493279,"R",1272745,"R",60282498
157289,1,"University of Louisville Foundation, Inc. and Affiliate","To receive funds derived from gifts and other sources.","R",512878000,"R",84483000,"R",597361000,"R",61329000,"R",22685000,"R",236228000,"R",277119000,"R",536032000,"R",-12163000,"R",30451000,"R",18288000,"R",43607000,"R",36091000,"R",-3217000,"R",40390000,"R",-22102000,"R",558134000,"R",0,"R",536032000
170790,1,"1","Foundation","R",3164176,"R",452818,"R",3616994,"R",3082,"R",1362,"R",3612550,"R",0,"R",3613912,"R",-293729,"R",314810,"R",21081,"R",146883,"R",144873,"R",0,"R",146883,"R",-125802,"R",3739714,"R",0,"R",3613912
187532,1,"Albuquerque TVI Foundation","Fundraising","R",2462901,"R",466936,"R",2929837,"R",68356,"R",562929,"R",2107450,"R",191102,"R",2861481,"R",-333969,"R",1213463,"R",879494,"R",1205762,"R",930416,"R",0,"R",1205762,"R",-326268,"R",3187749,"R",0,"R",2861481
188438,1,"Faculty-Student Association","Support","B",,"R",1126099,"R",1126099,"R",175517,"R",281917,"B",,"R",668665,"R",950582,"B",,"R",892248,"R",892248,"R",809988,"B",,"R",82260,"R",892248,"B",,"R",82260,"R",868322,"R",950582
188438,2,"ACC Foundation","Scholarships","B",,"R",1930366,"R",1930366,"R",121513,"R",663086,"R",405581,"R",740186,"R",1808853,"R",-213041,"R",329971,"R",116930,"R",289556,"B",,"R",-172626,"R",116930,"B",,"R",-172626,"R",1981479,"R",1808853
191126,1,"STAFF HOUSING CORP","DORMITORY","R",0,"R",5135219,"R",5135219,"R",4325305,"R",0,"R",0,"R",809914,"R",809914,"R",20333,"R",2778190,"R",2798523,"R",2774923,"R",62366,"R",23600,"R",2798523,"B",,"R",23600,"R",786314,"R",809914
191126,2,"STUDENT HOUSING CORP","DORMITORY","R",4431144,"R",16602678,"R",21033822,"R",12416074,"R",2506000,"R",0,"R",6111748,"R",8617748,"R",110520,"R",5239028,"R",5349548,"R",4814801,"R",115814,"R",534747,"R",5349548,"B",,"R",534747,"R",8083001,"R",8617748
191126,3,"STUDENT FACULTY CORP","EMPLOYEE STUDENT BENEFIT CORP","R",0,"R",1209679,"R",1209679,"R",377390,"R",0,"R",0,"R",832289,"R",832289,"R",19720,"R",915659,"R",935379,"R",966250,"R",0,"R",-30871,"R",935379,"B",,"R",-30871,"R",863160,"R",832289
191126,4,"EDUCATIONAL FOUNDATION","FUNDRAISING AND SUPPORT","R",19358450,"R",26247739,"R",26247739,"R",5940202,"R",1693202,"R",13098927,"R",5515408,"R",20307537,"R",644810,"R",2306625,"R",2951435,"R",3587412,"R",0,"R",-635977,"R",2951435,"B",,"R",-3530119,"R",23837656,"R",20307537
192022,1,"Foundation","","B",,"R",2263520,"R",2263520,"R",23721,"R",278062,"R",1356686,"R",605051,"R",2239799,"R",-171753,"R",416467,"R",244714,"R",280290,"R",40281,"R",-35576,"R",244714,"B",,"R",-35576,"R",2275375,"R",2239799
192022,2,"FSA","","B",,"R",1105367,"R",1105367,"R",222011,"B",,"B",,"R",883356,"R",883356,"B",,"R",1990189,"R",1990189,"R",1969989,"B",,"R",20200,"R",1990189,"B",,"R",20200,"R",863156,"R",883356
192022,3,"Student Assoc","","B",,"R",37702,"R",37702,"R",153,"B",,"B",,"R",37549,"R",37549,"B",,"R",109345,"R",109345,"R",100062,"B",,"R",9283,"R",109345,"B",,"R",9283,"R",28266,"R",37549
192022,4,"Social Cultural","","B",,"R",54443,"R",54443,"R",787,"B",,"B",,"R",53656,"R",53656,"B",,"R",101315,"R",101315,"R",96305,"B",,"R",5010,"R",101315,"B",,"R",5010,"R",48646,"R",53656
192022,5,"Orientation/ID","","B",,"R",24812,"R",24812,"R",0,"B",,"B",,"R",24812,"R",24812,"B",,"R",51098,"R",51098,"R",65348,"B",,"R",-14250,"R",51098,"B",,"R",-14250,"R",39062,"R",24812
192022,6,"Athletic","","B",,"R",48499,"R",48499,"R",0,"B",,"B",,"R",48499,"R",48499,"B",,"R",183030,"R",183030,"R",184365,"B",,"R",-1335,"R",183030,"B",,"R",-1335,"R",49834,"R",48499
195988,1,"S.C.C.C. Foundation, Inc.","Scholarships","R",823631,"R",685881,"R",1509512,"R",166802,"R",356862,"R",254000,"R",731848,"R",1342710,"R",-92993,"R",230684,"R",137691,"R",385186,"R",45564,"R",-247495,"R",137691,"B",,"R",-247495,"R",1590205,"R",1342710
195988,2,"FSA of S.C.C.C., Inc.","General Activities","R",150782,"R",40475,"R",191257,"R",31079,"R",0,"R",0,"R",160178,"R",160178,"R",3003,"R",203782,"R",206785,"R",228536,"B",,"R",-21751,"R",206785,"B",,"R",-21751,"R",181929,"R",160178
195988,3,"S.C.C.C. Dorm. Corp.","Housing","R",10500250,"R",1988625,"R",12488875,"R",10300476,"R",2008373,"R",0,"R",180026,"R",2188399,"R",25224,"R",2302696,"R",2327920,"R",310543,"B",,"R",2017377,"R",2327920,"B",,"R",2017377,"R",171022,"R",2188399
211343,1,"BCCC Education Foundation","Foundation","R",6989793,"R",1001213,"R",7991006,"R",3496691,"R",2909252,"R",1158866,"R",426197,"R",4494315,"R",362797,"R",961519,"R",1324316,"R",634576,"R",422331,"R",0,"R",634576,"R",689740,"R",3804575,"R",0,"R",4494315
214379,1,"1","Foundation","R",12776450,"R",5322305,"R",18098755,"R",4221133,"R",7706901,"R",3325858,"R",2844863,"R",13877622,"R",-656626,"R",2304953,"R",1648327,"R",1835799,"R",932955,"R",0,"R",1835799,"R",-187472,"R",14065094,"R",0,"R",13877622
223816,1,"Central Texas College Foundation","Scholarship Fund Raising","R",1550052,"R",51899,"R",1601951,"R",77678,"R",1522730,"B",,"R",1543,"R",1524273,"B",,"R",399171,"R",399171,"R",120622,"R",0,"R",135221,"R",255843,"R",143328,"R",1380945,"R",0,"R",1524273
224350,1,"DMC Foundation","Foundation","R",2102211,"R",2512772,"R",4614983,"R",647101,"R",1811327,"R",2102211,"R",54344,"R",3967882,"R",180357,"R",1782839,"R",1963196,"R",932370,"R",932370,"R",525267,"R",1457637,"R",505559,"R",3462323,"R",0,"R",3967882
228316,1,"Southwest Texas Junior College Foundation, INC.","Rental Property to SWTJC","B",,"R",4965651,"R",4965651,"R",2836280,"B",,"B",,"R",2129371,"R",2129371,"R",1907,"R",426642,"R",428549,"R",254025,"B",,"R",0,"R",254025,"R",174524,"R",1954847,"R",0,"R",2129371
366711,1,"Foundation, University Corporation, ASI","Devolop & admin research & educ grants/contracts; manage hou","R",7797678,"R",41877119,"R",49674797,"R",32442945,"R",562719,"R",10043143,"R",6625990,"R",17231852,"R",483861,"R",15116588,"R",15600449,"R",15130536,"R",149594,"R",0,"R",15130536,"R",469913,"R",16761939,"R",0,"R",17231852
417628,1,"","","R",1420807,"R",0,"R",1420807,"R",764077,"R",656730,"R",0,"R",0,"R",656730,"R",208790,"R",9036436,"R",9245226,"R",6853457,"R",0,"R",1043486,"R",7896943,"R",1348283,"R",1420807,"R",-2112360,"R",656730
417628,3,"","","R",997064,"R",0,"R",997064,"R",0,"R",0,"B",,"R",997064,"R",997064,"R",71042,"R",1425573,"R",1496615,"R",1201300,"R",0,"R",1,"R",1201301,"R",295314,"R",997064,"R",-295314,"R",997064
417628,4,"","","R",871827,"R",871827,"R",871827,"R",0,"R",0,"B",,"R",871827,"R",871827,"R",44145,"R",1187508,"R",1231653,"R",1336823,"R",0,"R",-210277,"R",1126546,"R",105107,"R",871827,"R",-105107,"R",871827
441937,1,"Foundation, University Glen Corp","Promote educ & admin srvs; conduct certain site authority op","R",6039310,"R",208591,"R",6247901,"R",199633,"R",876717,"R",4920771,"R",250780,"R",6048268,"R",-378716,"R",6678604,"R",6299888,"R",1910176,"R",60000,"R",0,"R",1910176,"R",4389712,"R",1658556,"R",0,"R",6048268
