unitid,subentno,"subentnm",subentrv,subentex
100812,1,"FDSL Loans",1,1
101514,1,"Federal Direct Student Loan",1,1
106458,1,"Self-Insurance Program",1,1
106795,1,"Endowment Donations",1,-5
106795,2,"Foundation Committee (Construc",1,-5
106795,3,"Interest Income on Donations",1,-5
106795,4,"Building Construction Expens s",-5,1
106795,5,"Equipment Bond Revenue Expense",1,1
108056,1,"SELF Insured Health Insurance",1,1
110398,1,"off-campus college work -study",1,1
111461,1,"Equipment Replacement Asset Ma",1,1
111461,2,"Cafeteria Fund Building Fund",1,1
111461,3,"Retiree Fund Associated Studen",1,1
111461,4,"Bond Fund Employee Training  n",1,1
111461,5,"Special Reserve Student Center",1,1
121178,1,"Capital Outlay Construction/St",1,1
122320,1,"continuing education centers",1,1
123217,1,"Business and Community Educati",1,1
123217,2,"Capital Outlay Projects",1,1
123217,3,"Associated Student Body",1,1
123217,4,"Self Insurance Fund",1,1
123217,5,"Trust Fund",1,1
138354,1,"Intercollegiate Athletics Thro",1,1
141574,1,"RESEARCH CORP. OF THE UNIVERSI",1,1
141574,2,"UNIVERSITY OF HAWAII FOUNDATIO",1,1
155566,1,"Agency Funds",1,1
158662,1,"Endowment Funds",1,1
158662,2,"Loan Funds",1,1
160676,1,"STUDENT ORGANIZATION/SCHOLARSH",1,1
162690,1,"Technical Innovation Center-",1,1
170976,1,"Agency Fund Financial Activiti",1,1
171234,1,"ENDOWMENTS FOUNDATION",1,1
171234,2,"PLANT FUNDS",1,1
171234,3,"AGENCY FUNDS",1,1
176169,1,"JTPA (JOB TRAINING PARTNERSHIP",1,1
178396,1,"UNIVERSITY OF MISSOURI-COLUMBI",1,1
178396,2,"MISSOURI CAKE L.C.",1,1
180197,1,"Plant Funds",1,1
180197,2,"Agency Funds",1,1
180197,3,"Loan Funds",1,1
180416,1,"Montana Bureau of Mines & Geol",-5,-5
180470,1,"UNIVERSITY SYSTEM GROUP INSURA",1,1
180470,2,"CLAIMS PURCHASES GSL PROGRAM",1,1
180470,3,"GRANTS-PERKINS EISENHOWER SCHO",1,1
188100,1,"Riverview Golf Course (compone",1,1
188261,1,"Intercollegiate Athletics",-5,1
204477,1,"NEOUCOCM Foundation, a separat",1,1
204857,1,"The Ohio University Foundation",1,1
216010,1,"STUDENT ASSOCIATION",1,1
223816,1,"Europe Campus",-5,-5
223816,2,"Pacific Far East Campus",-5,-5
227401,1,"Salaries & wages for scholarsh",-5,1
228732,1,"BCD, PVAMU, TSU, TAMIU",1,1
228732,2,"TAMU, TAMUG, TAMUC, TAMUCC",1,1
228732,3,"TAMUK, TAMUT, WTAMU, TAES",1,1
228732,4,"TAEX, TEES, TEEX, TFS",1,1
228732,5,"TTI, TVMDL, TWDMS, TAMRF",1,1
237899,1,"Independent Operations - Metro",1,1
420802,1,"Arizona State University Land",1,1
420802,2,"Northern Arizona University La",1,1
420802,3,"University of Arizona Land Fun",1,1
